veiculo_id,cliente_id,vin,modelo,ano_modelo,data_compra,km_estimada,garantia_data_limite,proxima_revisao_data,proxima_revisao_km,telemetria_codigos_falha,ultimo_nps,canal_preferido,opt_in_whats_app,consentimento_ativo,os_total,os_na_rede,ultimo_servico,ultimo_servico_rede,ticket_medio
1,1,9BF8313PF9WBWDX01,Ranger,2020,2019-06-04,80137,2022-06-03,2026-10-14,120000,,7.0,EMAIL,0,1,5,4,2026-08-20,2026-08-20,737.6
2,2,9BFT1S782CWZJG7X2,Territory,2021,2020-11-07,60274,2023-11-07,2026-08-02,80000,,8.0,TELEFONE,0,1,5,3,2026-02-28,2026-02-28,783.0
3,3,9BFRHMLMFR0P96DF3,Bronco Sport,2022,2021-04-10,80411,2024-04-09,2026-11-17,100000,,9.0,WHATSAPP,1,1,3,0,2026-02-15,,860.33
4,4,9BFJKD4NL04BHG2Z4,Maverick,2023,2022-09-13,20548,2025-09-12,2026-06-17,40000,,,EMAIL,0,1,4,4,2026-02-02,2026-02-02,963.0
5,4,9BFC05GG9JY36J9B5,Mustang Mach-E,2024,2023-02-16,60685,2026-02-15,2026-12-21,90000,,,EMAIL,0,1,5,4,2026-01-20,2026-01-20,1074.0
6,5,9BFPPDCN0WNL6F676,Ka,2025,2024-07-19,30822,2027-07-19,2026-05-02,40000,,6.0,TELEFONE,0,0,3,2,2026-01-07,2026-01-07,1068.0
7,6,9BFB384GY4WZJDPH7,EcoSport,2026,2025-12-22,60959,2028-12-21,2027-01-24,75000,P0420,7.0,WHATSAPP,1,1,4,0,2026-03-25,,1254.0
8,7,9BFCYFCZVYW2CPYF8,Ranger,2019,2018-05-25,41096,2021-05-24,2026-03-17,80000,,8.0,EMAIL,0,1,5,5,2026-03-12,2026-03-12,1365.0
9,8,9BF2NPNC4S1X1FCW9,Ranger,2020,2019-10-28,81233,2022-10-27,2027-02-27,120000,,,TELEFONE,0,1,3,2,2026-02-27,2026-02-27,1442.33
10,8,9BFTD9B1FS40TRG00,Territory,2021,2020-03-03,61370,2023-03-03,2026-08-18,80000,,,TELEFONE,0,1,4,1,2026-02-14,2025-08-18,1545.0
11,9,9BF60R6786867X7T1,Bronco Sport,2022,2021-08-06,81507,2024-08-05,2026-10-04,100000,"P0301,P0171",10.0,WHATSAPP,1,1,5,3,2026-02-01,2026-02-01,1656.0
12,10,9BFSKSX7MLBPT9272,Maverick,2023,2022-01-09,21644,2025-01-08,2026-07-03,40000,,6.0,EMAIL,0,1,3,3,2026-01-19,2026-01-19,1650.0
13,11,9BFHFX2N86KR4JYW3,Mustang Mach-E,2024,2023-06-12,61781,2026-06-11,2026-11-07,90000,,7.0,TELEFONE,0,1,4,4,2026-01-06,2026-01-06,1836.0
14,12,9BFNFR521M8R9GGW4,Ka,2025,2024-11-15,31918,2027-11-15,2026-05-18,40000,P0420,,WHATSAPP,1,0,5,2,2026-03-24,2026-03-24,1947.0
15,12,9BFXT2WTVLHWT09F5,EcoSport,2026,2025-04-18,62055,2028-04-17,2026-12-11,75000,,,WHATSAPP,1,0,3,1,2026-03-11,2025-09-12,2024.33
16,13,9BF28PJXK1WLZ5S16,Ranger,2019,2018-09-21,42192,2021-09-20,2026-04-02,80000,,9.0,EMAIL,0,1,4,4,2026-02-26,2026-02-26,2064.5
17,14,9BF5WWL6LP3RL90L7,Ranger,2020,2019-02-24,82329,2022-02-23,2027-01-14,120000,,10.0,TELEFONE,0,1,5,1,2026-02-13,2026-02-13,1158.0
18,15,9BFXHTGW35KR85BT8,Territory,2021,2020-07-27,62466,2023-07-27,2026-09-03,80000,,6.0,WHATSAPP,1,1,3,2,2026-01-31,2026-01-31,1115.33
19,16,9BFXR3MJLVF4SB8T9,Bronco Sport,2022,2021-12-02,82603,2024-12-01,2027-02-17,100000,,,EMAIL,0,1,4,1,2026-01-18,2025-07-22,618.0
20,16,9BFMN8KNKB5512FV0,Maverick,2023,2022-05-05,22740,2025-05-04,2026-07-19,40000,,,EMAIL,0,1,5,5,2026-01-05,2026-01-05,729.0
21,17,9BFWHMC4MVNC3GT61,Mustang Mach-E,2024,2023-10-08,62877,2026-10-07,2027-03-23,90000,,8.0,TELEFONE,0,1,3,2,2026-03-23,2026-03-23,723.0
22,18,9BF27717N7KRTTK62,Ka,2025,2024-03-11,33014,2027-03-11,2026-06-03,40000,"P0301,P0171",9.0,WHATSAPP,1,1,4,2,2026-03-10,2025-03-15,909.0
23,19,9BF1V0TMY6DLY1ZY3,EcoSport,2026,2025-08-14,63151,2028-08-13,2026-10-28,75000,,10.0,EMAIL,0,0,5,2,2026-02-25,2025-08-29,1020.0
24,20,9BFTMP3G0KFSXZ6P4,Ranger,2019,2018-01-17,43288,2021-01-16,2026-04-18,80000,,,TELEFONE,0,1,3,3,2026-02-12,2026-02-12,1097.33
25,20,9BF70G2N1R4MBBRL5,Ranger,2020,2019-06-20,83425,2022-06-19,2026-12-01,120000,,,TELEFONE,0,1,4,4,2026-01-30,2026-01-30,1200.0
26,21,9BF18BGFS90D2PB66,Territory,2021,2020-11-23,63562,2023-11-23,2026-03-03,80000,,7.0,WHATSAPP,1,1,5,2,2026-01-17,2026-01-17,1311.0
27,22,9BFT00B0KB1763PS7,Bronco Sport,2022,2021-04-26,83699,2024-04-25,2027-01-04,100000,,8.0,EMAIL,0,1,3,0,2026-01-04,,1305.0
28,23,9BFVK5SML1SZLSJ58,Maverick,2023,2022-09-01,23836,2025-08-31,2026-08-04,40000,P0420,9.0,TELEFONE,0,1,4,4,2026-03-22,2026-03-22,1491.0
29,24,9BFPXY417YH7KJMR9,Mustang Mach-E,2024,2023-02-04,63973,2026-02-03,2027-02-07,90000,,,WHATSAPP,1,1,5,5,2026-03-09,2026-03-09,1602.0
30,24,9BF3ZST89M3HL82K0,Ka,2025,2024-07-07,34110,2027-07-07,2026-06-19,40000,,,WHATSAPP,1,1,3,2,2026-02-24,2025-08-28,1679.33
31,25,9BFD47TW1P83WD6M1,EcoSport,2026,2025-12-10,64247,2028-12-09,2027-03-13,75000,,6.0,EMAIL,0,1,4,1,2026-02-11,2025-02-16,1719.5
32,26,9BFVMFBKP5G8M2HN2,Ranger,2019,2018-05-13,44384,2021-05-12,2026-05-04,80000,,7.0,TELEFONE,0,1,5,5,2026-01-29,2026-01-29,1893.0
33,27,9BF0N9W1WFY9DLNG3,Ranger,2020,2019-10-16,84521,2022-10-15,2026-10-18,120000,,8.0,WHATSAPP,1,0,3,2,2026-01-16,2026-01-16,1970.33
34,28,9BF74NGP748T3F114,Territory,2021,2020-03-19,64658,2023-03-19,2026-03-19,80000,,,EMAIL,0,1,4,3,2026-01-03,2026-01-03,2073.0
35,28,9BFXD482HMSVRCSB5,Bronco Sport,2022,2021-08-22,84795,2024-08-21,2026-11-21,100000,P0420,,EMAIL,0,1,5,0,2026-03-21,,1464.0
36,29,9BF2143V20L9TYL86,Maverick,2023,2022-01-25,24932,2025-01-24,2026-08-20,40000,,10.0,TELEFONE,0,1,3,3,2026-03-08,2026-03-08,1578.0
37,30,9BFGPJKM887SN21G7,Mustang Mach-E,2024,2023-06-28,65069,2026-06-27,2026-12-25,90000,,6.0,WHATSAPP,1,1,4,3,2026-02-23,2025-08-27,564.0
